,time,temp,ocheat,ocheat.mixed,ocheat.interior,ocheatflux.mixed,ocheatflux.interior
0,1750,0.0,0.0,0.0,0.0,0.0,0.0
1,1751,0.0016530066890583619,0.03881213961819696,0.013942274978490305,0.024869864639706658,0.012199852194563859,0.02290713321223783
2,1752,0.0005757885491807174,0.03444232804148613,0.008672002346193631,0.0257703256952925,-0.004611625236072957,0.0008293966071614498
3,1753,-0.002162888405669132,0.0025916675680126315,-0.004210229285859532,0.006801896853872163,-0.01127228677455058,-0.017471439132947162
4,1754,-0.006444346483991131,-0.0624756890048814,-0.02548531605868297,-0.03699037294619843,-0.018616252688703705,-0.04033618085620225
5,1755,-0.010884559996822654,-0.15418654683738514,-0.05136381764674751,-0.10282272919063762,-0.02264436004011159,-0.06063686216285949
6,1756,-0.014653988908768484,-0.2561005325556393,-0.07566992558009887,-0.18043060697554042,-0.02126847481271751,-0.07148305873364054
7,1757,-0.016401342056927778,-0.34737800688690307,-0.0921684429588327,-0.25520956392807037,-0.014436630590095461,-0.06887739652788101
8,1758,-0.016509940591841424,-0.4136138248221008,-0.09817881284063018,-0.3154350119814706,-0.005259229523568573,-0.0554724515517999
9,1759,-0.015706807868041194,-0.4568095536861037,-0.09703895467253094,-0.3597705990135728,0.0009974054589391476,-0.040836619454922285
10,1760,-0.016212785545207838,-0.4974506675919603,-0.09735514145807149,-0.4000955261338888,-0.0002766716375498284,-0.03714248109915553
11,1761,-0.015409587904637485,-0.5330943789993238,-0.09712566524118289,-0.4359687137581409,0.00020079764116887194,-0.03304207319023178
12,1762,-0.016020571921953122,-0.5663240912006585,-0.0971212552724137,-0.4692028359282448,3.858837044147523e-06,-0.030611282963192547
13,1763,-0.01776193475165823,-0.6188361897002097,-0.10484324935007552,-0.5139929403501342,-0.006756945085368888,-0.04125526630105396
14,1764,-0.019505514902241526,-0.6830488429633171,-0.11537534370700087,-0.5676734992563163,-0.00921585570876484,-0.049444085506120124
15,1765,-0.022492027574928845,-0.7628803880248326,-0.1297515544228571,-0.6331288336019755,-0.012579557218741839,-0.060289594858256045
16,1766,-0.02464766936151995,-0.8527014745448043,-0.1452703380404779,-0.7074311365043264,-0.01357933814004386,-0.06843836004811786
17,1767,-0.022350079050749108,-0.9037979784515401,-0.14455213724681623,-0.7592458412047238,0.0006284443207588718,-0.04772548464255624
18,1768,-0.016526884970259108,-0.8838603456347369,-0.12061361417074973,-0.7632467314639872,0.02094682852939907,-0.003685139724892789
19,1769,-0.009154306323151803,-0.8028507391164397,-0.08239431677366783,-0.7204564223427719,0.033442876427543164,0.03941329498301927
20,1770,-0.0030249894220897976,-0.692834236696416,-0.043394160990000166,-0.6494400757064158,0.034126147767115006,0.06541173167658436
21,1771,0.0003479163096160745,-0.5923750067250249,-0.015828097643562387,-0.5765469090814624,0.02412102034505567,0.06714043290262761
22,1772,0.001856120314729104,-0.5167582249290877,-0.001025811453918456,-0.5157324134751693,0.012952384308435434,0.056015011431314404
23,1773,0.00016746223195853685,-0.4807631963510178,-0.0008556275015390518,-0.4799075688494787,0.000148915371997651,0.0329975454244409
24,1774,-0.0014686739312157818,-0.47750785262604295,-0.009557413665434597,-0.46795043896060834,-0.007614288571413742,0.011013472375843813
25,1775,-0.004656338406473167,-0.4984564570243318,-0.022822627975769973,-0.47563382904856183,-0.011607406550579206,-0.007077016413886484
26,1776,-0.005753819072515973,-0.5271677190100608,-0.03462806597408506,-0.49253965303597574,-0.01033006441873571,-0.015571615195847854
27,1777,-0.003932573622997308,-0.5226729744368891,-0.031531621746439746,-0.4911413526904494,0.0027094690044675717,0.0012879463861074178
28,1778,0.003635253139457882,-0.44345338735020184,-0.003020019628383556,-0.4404333677218183,0.02494839129246351,0.04670610730812108
29,1779,0.009130649021120471,-0.31638456655133035,0.0351070932041934,-0.35149165975552377,0.033362212542824524,0.08192242225777935
30,1780,0.009734861061866874,-0.2255586628607761,0.05189699827354042,-0.2774556611343165,0.014691602376427375,0.06819307251915363
31,1781,0.01199803829916736,-0.15222311969258795,0.06127559023676422,-0.21349870992935216,0.008206511198565115,0.058909464218056776
32,1782,0.010058861394002184,-0.10107394853725837,0.06310128600170725,-0.16417523453896563,0.0015975311431533613,0.04543086332099332
33,1783,0.007500458642703628,-0.09578793972959843,0.050343010817970414,-0.14613095054756883,-0.01116382166750346,0.016620227858033573
34,1784,0.0043259459847821745,-0.11312539759419488,0.03452976346571605,-0.14765516105991092,-0.013837001544669809,-0.0014039197139001922
35,1785,0.003986428218127163,-0.12537773378335523,0.02517170993720888,-0.1505494437205641,-0.008188539535530406,-0.002665865674057616
36,1786,0.010538028713393436,-0.06221590568353495,0.04494928178767142,-0.10716518747120637,0.017305888294073538,0.039960367762967526
37,1787,0.019494689606797226,0.0904941904420111,0.09106587985547222,-0.0005716894134611198,0.0403532193283567,0.09818113186143927
38,1788,0.025799117953584146,0.2687771014594421,0.13517858950238845,0.13359851195705363,0.038599764989885696,0.12358147985253402
39,1789,0.030197528110188512,0.4349082275755795,0.16667714468940553,0.268231082886174,0.02756205269346449,0.12400735917378096
40,1790,0.032139292630254924,0.578411847523749,0.18633506757302273,0.39207677995072626,0.01720119234502669,0.11407178613633229
41,1791,0.03086284042619915,0.6772073026837141,0.18937613394029082,0.4878311687434233,0.00266101194043062,0.08819744584490817
42,1792,0.029644765823784957,0.7424886173132909,0.18367028268207744,0.5588183346312134,-0.004992767830340607,0.06538485387470175
43,1793,0.026584308285853557,0.7801890717801396,0.17244623326570224,0.6077428385144373,-0.009821334331413807,0.04506337867261013
44,1794,0.02378771981831818,0.7907034983065302,0.15616291628572726,0.634540582020803,-0.014248324660028849,0.02468286374617528
45,1795,0.01927005698957876,0.7741301433384187,0.13521410495278088,0.6389160383856378,-0.018330753216963445,0.0040301450476565946
46,1796,0.014735339669851095,0.7272707641632088,0.10878063446317153,0.6184901297000372,-0.023129972221901968,-0.018813894567605304
47,1797,0.00949310220486393,0.6573846161782448,0.08006614745606719,0.5773184687221776,-0.02512592083213451,-0.03792239066243877
48,1798,0.003917273455462969,0.5618231277423608,0.04783128440180187,0.5139918433405589,-0.028206341173212697,-0.058328883752032004
49,1799,-0.001331070931240359,0.4494326013378394,0.015470174893101138,0.43396242644473826,-0.028316810095004575,-0.07371348981141475
50,1800,-0.005492808887861002,0.3336015082064707,-0.012885838409444314,0.346487346615915,-0.024812247043746086,-0.08057154051376568
51,1801,-0.005052728273759686,0.25495911649732905,-0.02419870648182022,0.27915782297914926,-0.00989905295889747,-0.06201587300163528
52,1802,-0.007376440389224797,0.19070307386159374,-0.031308719704725936,0.22201179356631967,-0.006221445965932088,-0.052636060842090285
53,1803,-0.013348229495947533,0.07494874162368574,-0.05811573663425411,0.13306447825793985,-0.02345683504463684,-0.08192758706804167
54,1804,-0.018383377904805806,-0.07173091885348938,-0.09136084332907617,0.019629924475586785,-0.029090330559041377,-0.10448229099785593
55,1805,-0.022557259580499003,-0.21813529491429903,-0.11901046077660139,-0.09912483413769764,-0.024194132350455734,-0.10938262489770194
56,1806,-0.02830121187665964,-0.3820835979462893,-0.1497793198662177,-0.2323042780800716,-0.02692354968380692,-0.1226689130687486
57,1807,-0.03408758539462528,-0.5702209576636554,-0.1853616576457902,-0.3848593000178653,-0.03113546837352905,-0.14051536911646514
58,1808,-0.03910739267955641,-0.7649516777269252,-0.21850445107485866,-0.5464472266520665,-0.02900080379804558,-0.14883539635311094
59,1809,-0.04343829158520557,-0.9585934151052686,-0.24762880897559011,-0.7109646061296785,-0.02548456849392708,-0.15153365657668463
60,1810,-0.047231138866137785,-1.149463012812177,-0.27338273289482845,-0.8760802799173486,-0.022535351349007186,-0.15208473345865303
61,1811,-0.050184907389054234,-1.3334318347803849,-0.29509982164585147,-1.0383320131345333,-0.019003015882806396,-0.14944681527492068
62,1812,-0.05213693073089439,-1.5040272476633878,-0.3113369907696554,-1.1926902568937325,-0.014207944089049488,-0.14217628054773224
63,1813,-0.053384629011819715,-1.6593732924759252,-0.32256357374333905,-1.3368097187325862,-0.009823551259765684,-0.13274554400057992
64,1814,-0.054347408701242786,-1.8029262824837637,-0.3308688648163358,-1.472057417667428,-0.007267345083905579,-0.12457394123499343
65,1815,-0.05435982560120539,-1.9313620060549828,-0.33527388721671414,-1.5960881188382685,-0.0038545088431598887,-0.11424218970583107
66,1816,-0.052142519780004046,-2.0267240163697737,-0.3298700641751602,-1.6968539521946133,0.004728485307759661,-0.09281338685899546
67,1817,-0.050455397810965356,-2.097348685070093,-0.3197183064613061,-1.7776303786087868,0.00888305128216988,-0.07440154528721325
68,1818,-0.04957819230654051,-2.1667275358305185,-0.3135855302336034,-1.853142005596915,0.005366338250804585,-0.06955224419389008
69,1819,-0.048727355254847386,-2.2339954414362024,-0.30926140688661397,-1.9247340345495887,0.0037837200733539006,-0.06594198110491317
70,1820,-0.048562837293531114,-2.301548062008794,-0.3068550452563841,-1.9946930167524097,0.0021056288346604905,-0.06443781451685039
71,1821,-0.04838375897997678,-2.3709811776869705,-0.306302167209036,-2.0646790104779345,0.0004837826301425763,-0.06446269428832505
72,1822,-0.0476299436700678,-2.4330429935002496,-0.30376605166969356,-2.129276941830556,0.0022191668702595674,-0.05949985816838593
73,1823,-0.046402298751312826,-2.483136990364879,-0.2981716587520646,-2.1849653316128146,0.004895238891693317,-0.05129345823139354
74,1824,-0.04409006908679458,-2.514925930950992,-0.28792024670326394,-2.2270056842477284,0.008970251409750987,-0.03872252511418522
75,1825,-0.040223682416080216,-2.516574907779247,-0.26971447850897745,-2.24686042927027,0.015930519330700887,-0.01828780718010926
76,1826,-0.03467503883291034,-2.478802226607169,-0.24187036073594712,-2.236931865871222,0.024364325179575614,0.009145000492886522
77,1827,-0.027609311953767094,-2.396855469375672,-0.20447182258610527,-2.1923836467895668,0.03272469080008295,0.0410324705685043
78,1828,-0.019657498198570243,-2.273010260073527,-0.15982703529305892,-2.113183224780468,0.03906534672951094,0.07294991925815633
79,1829,-0.011958699020788745,-2.119779910224097,-0.11314296890669115,-2.0066369413174057,0.040849768824209806,0.09813764344581494
80,1830,-0.004048786572003332,-1.9436259013866857,-0.06609485541174907,-1.8775310459749366,0.04116831948565614,0.11891684920445378
81,1831,0.0010968051594023183,-1.768543607890413,-0.026517196387691174,-1.742026411502722,0.03463147807981592,0.12481059940208945
82,1832,0.004772167294581303,-1.614850047299716,0.0009108830345805581,-1.6157609303342966,0.02400028083284201,0.1163006007123383
83,1833,0.007697217500395977,-1.474151859668803,0.022447288716249267,-1.4965991483850523,0.018844913511164563,0.10975752592400011
84,1834,0.012207590672504164,-1.3250815512447889,0.04672456701719031,-1.3718061182619792,0.021243248136671312,0.1149443556047341
85,1835,0.021482076571097797,-1.1183466291624469,0.0901330306721348,-1.2084796598345817,0.03798353148251874,0.15043672309764328
86,1836,0.03593562633664388,-0.811498574896749,0.16273486370837686,-0.9742334386051259,0.0635284868117316,0.21575949334277394
87,1837,0.04904734351662636,-0.43918889473415323,0.2454544869198463,-0.6846433816539995,0.072381815616666,0.26673558974373396
88,1838,0.05672011451653694,-0.08583511467575666,0.3076693388413161,-0.39350445351707275,0.05443960895331557,0.2681622239090474
89,1839,0.062269184616234444,0.2275419110978351,0.34921380273618363,-0.12167189163834854,0.03635248335022154,0.2503795174034878
90,1840,0.06569104988723257,0.5112691798363054,0.3792223072262983,0.13204687261000708,0.026258219689692774,0.23369526192765
91,1841,0.06664137010784094,0.7532176042499449,0.3953235500909563,0.35789405415898856,0.014089005087093308,0.2080233064514179
92,1842,0.06718281943729813,0.9615453265538213,0.4030017622966888,0.5585435642571325,0.006718634811962055,0.1848142369641243
93,1843,0.0668508386849153,1.1460751241962588,0.406598220783772,0.7394769034124867,0.0031469944491835183,0.16665406758786414
94,1844,0.06730155115802916,1.3169524829476091,0.4095493690818531,0.907403113865756,0.002582331297896062,0.15467346237734483
95,1845,0.06964638475044303,1.500007693900025,0.4202953134297943,1.0797123804702307,0.009402979997033966,0.15871060743570892
96,1846,0.07284411606606461,1.7020935938514048,0.43855061633231324,1.2635429775190916,0.015973863485070874,0.16932267368919396
97,1847,0.07754943971412263,1.9265444125613884,0.4635320148665359,1.4630123976948526,0.021859371601922858,0.18372727981956127
98,1848,0.08421606280223215,2.187567428781216,0.4989234928897333,1.6886439358914824,0.03096846113681488,0.2078246816872619
99,1849,0.08951071225159575,2.4659018461945226,0.5355897340407328,1.9303121121537898,0.03208391193421044,0.222595707174084
100,1850,0.09041921400234437,2.7078484932915052,0.5548137413839634,2.153034751907542,0.016821504993729437,0.2051453537095179
101,1851,0.09172937491730435,2.918006649944298,0.5634476422241987,2.3545590077200993,0.007554887152627129,0.18561994768660683
102,1852,0.09244545930261448,3.1196017654120807,0.5719264661557653,2.547675299256315,0.007419190835672648,0.17787554052910345
103,1853,0.0918229737828157,3.2975226149139916,0.5739031518277375,2.723619463086254,0.001729651227678236,0.16205863832219672
104,1854,0.08930852911950625,3.4392879082095247,0.5661046978540754,2.873183210355449,-0.006823849477331795,0.13776016605039795
105,1855,0.0867254461030015,3.5511240970655296,0.5526354993541862,2.9984885977113436,-0.011785898006702678,0.11541627756951069
106,1856,0.08525985294068546,3.6562572329172824,0.542305640232335,3.1139515926849475,-0.009038894633169777,0.10635064747081327
107,1857,0.08671232162446271,3.7835947314780047,0.5437022129148431,3.2398925185631615,0.0012220373168547224,0.1160016593479476
108,1858,0.09157280484958377,3.9615847482521778,0.5635201798546757,3.398064568397502,0.017341235044905957,0.1456891007851783
109,1859,0.10004117699588531,4.20843611345575,0.6038023346768497,3.604633778778901,0.03524793017403779,0.19026675409397362
110,1860,0.10778620503846134,4.500962058349009,0.6520328352235829,3.8489292231254253,0.04220293882079848,0.22501563108043832
111,1861,0.11229831996578733,4.784666955865591,0.6883989053228301,4.09626805054276,0.031821254479088144,0.22781883015003107
112,1862,0.11373225517497582,5.030181941368575,0.7070079130564256,4.323174028312149,0.016283364385483196,0.2089985424013055
113,1863,0.11446261157645246,5.245001067376437,0.715444993238327,4.52955607413811,0.0073826639721049385,0.1900943605781214
114,1864,0.11497072669510801,5.4452580121431176,0.7213595338380727,4.723898478305045,0.0051753764164718385,0.1790048882666949
115,1865,0.11418515495357208,5.624783531835807,0.722233917533161,4.902549614302647,0.0007651084100601197,0.16455197606025126
116,1866,0.113465727769269,5.785261026422064,0.7193581909620173,5.065902835460046,-0.0025163353307877585,0.1504613737111536
117,1867,0.11251647007901668,5.934649000308963,0.7158913752500963,5.218757625058867,-0.0030335536586733186,0.1407914790930707
118,1868,0.11478085181994083,6.100897124014964,0.7213819999469572,5.379515124068007,0.004804439007326022,0.14807050613332062
119,1869,0.1208776285708947,6.324976097103998,0.7477275043377468,5.577248592766251,0.023052999604062503,0.18212832975201787
120,1870,0.1302427666784196,6.620479476378445,0.7945220396186431,5.8259574367598015,0.040946431971897214,0.2290807249238458
121,1871,0.1364593105400348,6.940260506566507,0.840746007053921,6.099514499512586,0.04044717030948898,0.2519679205499868
122,1872,0.14025012994078606,7.235194894763003,0.8708360220123755,6.3643588727506275,0.026329543463437726,0.2439428370908507
123,1873,0.13984267750718346,7.483457482963238,0.8822621078321825,6.601195375131056,0.009998121424165231,0.21814534932719834
124,1874,0.13790585379507736,7.678474406300273,0.8772989831380924,6.801175423162181,-0.004342862824359936,0.18419760888946782
125,1875,0.13370313816296392,7.826132498379736,0.8612322162138435,6.9649002821658925,-0.014058837745112908,0.15080368187308013
126,1876,0.13052642581650084,7.942945549448033,0.8413759024079278,7.101569647040105,-0.017374789547242163,0.12588340920067156
127,1877,0.12854686209073904,8.058562364409166,0.827857684069537,7.230704680339629,-0.011828791636705279,0.11894368759193492
128,1878,0.12621417464744664,8.167284181508826,0.8158185024195621,7.351465679089265,-0.010534596176003946,0.11123053242453947
129,1879,0.1246239505222611,8.269567754806417,0.8046926879097706,7.464875066896646,-0.009735376240462579,0.10445911112335955
130,1880,0.12514897982581025,8.388297471484055,0.802229399239079,7.586068072244975,-0.0021554414714487686,0.11162844503275772
131,1881,0.12865300992996298,8.54796964170278,0.8147634492918234,7.7332061924109565,0.010967618862678974,0.13552596960496235
132,1882,0.13009326758222844,8.721901311453538,0.82909870925301,7.892802602200528,0.012543724246361321,0.1470010501548006
133,1883,0.12932329240171625,8.867865753578837,0.8306420533452767,8.037223700233561,0.0013504661068625163,0.13302337504557307
134,1884,0.13052965939794836,9.01213244165824,0.832860887770476,8.179271553887764,0.0019415376668012656,0.13083742727630976
135,1885,0.13173580879496566,9.170676907902054,0.8408978039562375,8.329779103945818,0.007032510097358932,0.13862948385826193
136,1886,0.1316076542343717,9.318922890654662,0.844259307736885,8.474663582917778,0.002941402987578198,0.13345018592893854
137,1887,0.1313875755052649,9.45481567834968,0.8437421772738638,8.611073501075817,-0.0004525025667545007,0.12564443803717895
138,1888,0.13091238609458056,9.584337462895261,0.8423797174062951,8.741957745488966,-0.0011921877190779555,0.12055485084419171
139,1889,0.1323038076703489,9.723713101681724,0.8459232680780883,8.877789833603636,0.003100698738657759,0.1251122103805651
140,1890,0.13369326850671107,9.87810162820309,0.8547114903497937,9.023390137853296,0.007689922407439867,0.1341095182265
141,1891,0.13815259746575148,10.061900226683171,0.8726955921365829,9.189204634546588,0.01573655547529434,0.15272840521251071
142,1892,0.1450940964979134,10.301588962175533,0.9073346160209695,9.394254346154563,0.03031004425070118,0.1888671742682318
143,1893,0.15139868670163764,10.57429580448958,0.946756353638903,9.627539450850676,0.03449504280568584,0.21487422819233243
144,1894,0.15708286314379297,10.856530269744791,0.9826965831183948,9.873833686626396,0.031448632892763805,0.22685667775260004
145,1895,0.16124058005718964,11.136290744910855,1.0128661032745456,10.12342464163631,0.026399112573363515,0.22989321967814294
146,1896,0.16407890839124661,11.401556234330682,1.0349495883023216,10.36660664602836,0.019323622127334038,0.2239900638837318
147,1897,0.1632075845174773,11.62723961820735,1.042099295592365,10.585140322614984,0.006256179304130319,0.20128698380358107
148,1898,0.1635574320309476,11.826339939713494,1.0425613833819978,10.783778556331496,0.0004043388000259246,0.1829616906528323
149,1899,0.16285021734983562,12.016694110074042,1.043460384910879,10.973233725163162,0.0007866496530843731,0.17450335388014135
150,1900,0.16188501512532336,12.187189555471349,1.039748728469693,11.147440827001656,-0.0032477956466451657,0.16045866538256087
151,1901,0.15967640336352196,12.335942432815994,1.0314694778991464,11.304472954916848,-0.0072445589689096035,0.1446391415822726
152,1902,0.14454501443779594,12.351803658700629,0.9792890678066977,11.372514590893932,-0.04565921211292413,0.06267178538708924
153,1903,0.04799067035119633,11.52082779808953,0.6377256488263755,10.883102149263154,-0.29887684994440067,-0.45078797808426824
154,1904,0.029734531158861887,10.479542346446449,0.3091133588492879,10.17042898759716,-0.28754427618323525,-0.6564289467424367
155,1905,0.0494559616001972,10.223841596458788,0.32819111726844874,9.895650479190339,0.016693533392249923,-0.2530929696290171
156,1906,0.0731177237382016,10.338279252032072,0.44386142963138636,9.894417822400685,0.10121452318964907,-0.0011353754310547855
157,1907,0.08209481222168538,10.491486692561615,0.5266068152952199,9.964879877266394,0.0724043584306255,0.06490118465059223
158,1908,0.09382938696063375,10.640386511279548,0.5822054656368756,10.058181045642673,0.04865026098193363,0.08593783375244049
159,1909,0.10564806740046881,10.865248231722397,0.6513541257473735,10.213894105975024,0.06050687094478423,0.1434241749037706
160,1910,0.11430884636533228,11.106893177991399,0.7106925281282297,10.39620064986317,0.051922641005491675,0.16791889890871836
161,1911,0.12107477721848148,11.341064785467344,0.7563330011409269,10.584731784326417,0.03993659755699208,0.17365224436761792
162,1912,0.10327119723931133,11.36903534066361,0.7214725671968586,10.64756277346675,-0.030503783795120705,0.05787236315699287
163,1913,0.0958059448867451,11.251386410750026,0.6492584014912969,10.60212800925873,-0.06318926784335968,-0.04184904949253658
164,1914,0.10832999023002907,11.340065657727132,0.6713523104844809,10.668713347242651,0.019332743367408218,0.0613304185316845
165,1915,0.12622380031380176,11.645212759781735,0.7618163993097029,10.883396360472032,0.07915842387890623,0.19774021506327313
166,1916,0.1415159916247545,12.031295975234894,0.857120233288202,11.174175741946692,0.08339332640524648,0.2678310526940896
167,1917,0.15601501614757002,12.451164969486511,0.9446371078038868,11.506527861682624,0.07657953492301288,0.30612286759315505
168,1918,0.16798722025938764,12.889861916198692,1.0243048671602575,11.865557049038435,0.06971135559435426,0.3306945792021022
169,1919,0.1792262200474634,13.335198096633604,1.0953889777186527,12.239809118914952,0.06220044028197483,0.34471607078751737
170,1920,0.18466950091215661,13.749341529858928,1.1472827824218088,12.602058747437118,0.045408424964275024,0.3336608629301647
171,1921,0.1923813415229889,14.145378094156769,1.1899257729808719,12.955452321175896,0.03731372267132592,0.3255037285992448
172,1922,0.19047822798576497,14.481792215954872,1.2099839135590824,13.27180830239579,0.01755139320731213,0.2913891454287308
173,1923,0.18601699331565819,14.706166790315004,1.1937616038360015,13.512405186479002,-0.014194941728043226,0.2216089614474239
174,1924,0.18731041106628407,14.930662375637356,1.1894026750054947,13.741259700631861,-0.0038141757741006477,0.21079330015940786
175,1925,0.19102816248384386,15.20278219523713,1.2076731224081543,13.995109072828976,0.015987115315461615,0.233815562288112
176,1926,0.19519764287804756,15.497199140982769,1.2324894759129181,14.264709665069851,0.021714952920757303,0.24832369496293505
177,1927,0.2006789277530892,15.813462042985732,1.2626224092540301,14.550839633731702,0.026367098161337248,0.26354857186016845
178,1928,0.20043265227526091,16.10063922430059,1.2789531350040655,14.821686089296525,0.014289808563362715,0.2494712346676875
179,1929,0.18021901912300226,16.1676375947001,1.2170876908518038,14.950549903848295,-0.05413386809348117,0.1186938734464016
180,1930,0.18134266055798406,16.205110724724264,1.1657246616002654,15.039386063123999,-0.04494398267862027,0.08182520347710955
181,1931,0.19362569673823365,16.475333917732804,1.2112148088760748,15.26411910885673,0.03980505863856596,0.20699709831039645
182,1932,0.20076842342703763,16.81282745350787,1.2664076405235358,15.546419812984336,0.04829515909973691,0.2600215131462776
183,1933,0.2078766461650957,17.145228945852672,1.3073522635878023,15.83787668226487,0.035827607066768054,0.26845507311573896
184,1934,0.21675621557220678,17.516530089107587,1.3563349874605237,16.160195101647062,0.042861153739706344,0.29688102756126905
185,1935,0.22649301617186907,17.930393220372974,1.413183488192538,16.517209732180437,0.049743912487962325,0.32883901134261867
186,1936,0.23940216226901767,18.40241231970997,1.482447416895121,16.91996490281485,0.060607733952312344,0.3709697048736717
187,1937,0.2480478168907002,18.89339388054893,1.547909899568686,17.345483980980244,0.05728137008765052,0.3919370832570112
188,1938,0.25902562006639596,19.393565336960688,1.608575640234418,17.78498969672627,0.05308409642884628,0.40481989443802924
189,1939,0.2668574405569732,19.90576473512829,1.667435815129019,18.238328919999272,0.051504179552343425,0.41756166059975575
190,1940,0.2721853044051763,20.385130476986795,1.7091048167848575,18.676025660201937,0.03646145712091764,0.403153683368943
191,1941,0.2754703118108212,20.831219658319483,1.7381578023160065,19.093061856003477,0.02542211581952325,0.3841236705526129
192,1942,0.276920109885117,21.240318173070765,1.7557495176199045,19.48456865545086,0.01539320712634818,0.3606090559141826
193,1943,0.27718492023179675,21.61382190323317,1.7642885407134792,19.84953336251969,0.007471866663675592,0.3361616672912311
194,1944,0.28037542707241003,21.988954643774257,1.7782648148781564,20.2106898288961,0.01222960236423517,0.33265397321612233
195,1945,0.2912016634899875,22.4460899913964,1.8238359822522283,20.62225400914417,0.03987595332577561,0.37908350684288805
196,1946,0.30187073078484383,22.978404779868523,1.8897513468892497,21.088653432979275,0.057677653551021786,0.4295911492354537
197,1947,0.31144813800536597,23.52699774989044,1.9510703718376683,21.57592737805277,0.053655737118913444,0.44881825182233315
198,1948,0.321501408003918,24.09450802758221,2.0119698334527203,22.08253819412949,0.0532886083209786,0.46662905563634033
199,1949,0.33019567800893956,24.673259337660635,2.0706135959146414,22.602645741745995,0.051314813061162284,0.4790606241949427
200,1950,0.33125838452753786,25.19009066875758,2.1018590125131316,23.08823165624445,0.027340549863436103,0.44726344073634544
201,1951,0.329453780163637,25.616414930409967,2.102973678064509,23.51344125234546,0.000975361265945418,0.39165202553842743
202,1952,0.3280894099949131,26.001498751940648,2.098203567053759,23.90329518488689,-0.00417397084568995,0.35908663337810487
203,1953,0.32323922489850365,26.33553642545991,2.0830599813825357,24.252476444077374,-0.013251030206309217,0.3216238502047499
204,1954,0.3190314270284763,26.61976442167344,2.059032782759592,24.56073163891385,-0.02102442193268788,0.2839276736637193
205,1955,0.31990527117432577,26.925847796518767,2.0525366793503252,24.87331111716844,-0.00568425895744607,0.2879106843371267
206,1956,0.3278081390460455,27.320473314291128,2.0812709588717797,25.239202355419348,0.025143239795503303,0.337015076568711
207,1957,0.33859341828689754,27.80902707901528,2.1378715711010825,25.671155507914197,0.049527003619181956,0.39786337999796173
208,1958,0.3459203998321829,28.320764940681308,2.191519200525573,26.129245740155735,0.04694306708031871,0.4219377196138136
209,1959,0.34583067349183255,28.765323771560414,2.21316783348175,26.552155938078663,0.018943115286937262,0.3895340960226719
210,1960,0.3445739758315948,29.13990699757959,2.211528609077988,26.928378388501603,-0.0014343638660456958,0.3465309487657296
211,1961,0.34079562449064454,29.46695744246512,2.199668601447669,27.26728884101745,-0.01037781426198504,0.31216361629911815
212,1962,0.33509386347476866,29.733717299594275,2.1738221337339083,27.559895165860368,-0.02261632956930754,0.2695138135661009
213,1963,0.27120178784649146,29.454731000770234,1.9617071354215294,27.493023865348704,-0.18560612465709625,-0.06159381287707688
214,1964,0.21001690838827786,28.57786804447121,1.5922345357144065,26.985633508756802,-0.3232981068959117,-0.4673470747604585
215,1965,0.20146267096336085,27.953358828981813,1.4000091586602141,26.553349670321598,-0.1682021902252993,-0.3981679681811745
216,1966,0.21836914056120804,27.87233965560089,1.4261468458209234,26.446192809779966,0.022871154138069828,-0.09870003373936018
217,1967,0.24183185241489275,28.11317239100081,1.5346203688287485,26.57855202217206,0.0949171458575251,0.1219134142488198
218,1968,0.24717196127421492,28.372993189458604,1.6075715705298084,26.765421618928798,0.06383419345421039,0.17212183533115635
219,1969,0.2345851832600664,28.408222973516224,1.5779238017860624,26.83029917173016,-0.025942566556055608,0.05975741187316591
220,1970,0.23815839331397118,28.432212270153453,1.5533687300115295,26.878843540141922,-0.02148632463054783,0.04471324351869437
221,1971,0.2509721531517813,28.65655356917405,1.6049415653838857,27.051612003790165,0.045127568475589575,0.15913356461720887
222,1972,0.26675347701033053,29.01483410533759,1.687577801234927,27.327256304102665,0.07230884951366696,0.2538904331779646
223,1973,0.2779395773196877,29.416940923624118,1.7649049201816804,27.652036003442436,0.06766323453218837,0.29914806313535586
224,1974,0.29020621050957923,29.839621981484896,1.8340913766205134,28.005530604864383,0.060539943712313096,0.3255967831707074
225,1975,0.2827077102409146,30.13729887940512,1.8470817852205803,28.290217094184538,0.011366944427097197,0.26221901200738007
226,1976,0.2860766159462608,30.36015956214608,1.837794903754607,28.522364658391474,-0.008126262134988725,0.21382646247677764
227,1977,0.30315527742573556,30.773687561416605,1.9048939476541464,28.86879361376246,0.058713403604063186,0.31908875839194084
228,1978,0.33146389138577875,31.422677908388742,2.0417327796862916,29.38094512870245,0.1197375268989055,0.4717324821643322
229,1979,0.3647028276106465,32.28371206315707,2.224837509787892,30.058874553369176,0.16022138760075683,0.6244271878562005
230,1980,0.39506992545038133,33.262031640589626,2.4138669336503886,30.84816470693924,0.16540564829655477,0.7269993203771016
231,1981,0.41989622372274304,34.26403654972448,2.579758847193181,31.6842777025313,0.1451597267029788,0.7701269004870795
232,1982,0.3812266319576986,34.741122626307565,2.5355965745566333,32.20552605175093,-0.03864313389121341,0.4801113936571088
233,1983,0.34353311426677713,34.630641660635305,2.315915371045661,32.31472628958964,-0.19222675043294624,0.10058214755964513
234,1984,0.3542498789235571,34.771495166396996,2.2569604824777563,32.51453468391924,-0.05158705647285252,0.18403950210986947
235,1985,0.38423733748449407,35.402528999835106,2.3854262274994738,33.01710277233563,0.11241085861148205,0.462905380320955
236,1986,0.4160460646861297,36.27884927086696,2.564570299332645,33.71427897153431,0.1567557088974927,0.6421550056186487
237,1987,0.44767743001722393,37.28605529956742,2.7507449223908664,34.53531037717656,0.16290762355447988,0.7562355506531472
238,1988,0.4846123886854661,38.44241347507742,2.9569082817300067,35.485505193347414,0.18039828620168338,0.8752053759413015
239,1989,0.5221678906083213,39.74727357590142,3.1826073046794265,36.56466627122199,0.19749249851178552,0.993993611403366
240,1990,0.5562910547421289,41.126333564344456,3.4004836927043853,37.72584987164007,0.19064749007537918,1.0695429108277072
241,1991,0.5331639209891857,42.068010660451144,3.4330257217968216,38.63498493865432,0.028475119422863893,0.8373860650114849
242,1992,0.4528177848392777,42.003319292489664,3.1273535152923118,38.87596577719735,-0.2674711082010967,0.2219626141948737
243,1993,0.4549184004428142,41.93128576633069,2.922505994196093,39.008779772134595,-0.17924689361328863,0.12233230532423225
244,1994,0.4952393725892914,42.6936994784847,3.0687912331771634,39.62490824530754,0.12800337796871894,0.5675035717038686
245,1995,0.5411018532962094,43.87994330068767,3.318370558441738,40.561572742245936,0.21838838236544988,0.8627428704330415
246,1996,0.5817065507662497,45.237304310919136,3.569399507989657,41.66790480292948,0.21965684120891288,1.01902025838072
247,1997,0.6190030142593124,46.67210960627234,3.801459474812516,42.870650131459826,0.20305848937006313,1.1078245844994852
248,1998,0.657806915994279,48.20278206124916,4.03368252179414,44.16909953945502,0.20320118873841364,1.195975691432157
249,1999,0.6978831193670714,49.84831416717088,4.276466488513469,45.571847678657406,0.21244226740293723,1.2920431596006783
250,2000,0.7376588957036174,51.589485468815596,4.522882216304803,47.066603252510795,0.2156201525294891,1.3767893611823976
251,2001,0.7705567577688381,53.3524534083004,4.748239696253032,48.60421371204737,0.19719363952793695,1.416262136340686
252,2002,0.8019126726654204,55.109638725883045,4.950493434660532,50.159145291222515,0.17697726649174594,1.4322162720263465
253,2003,0.8218255622389898,56.80076699368783,5.114554116441125,51.6862128772467,0.14355735141865167,1.4065513071308378
254,2004,0.8356089016086272,58.3620479470328,5.226941685297513,53.13510626173529,0.09834203748452859,1.3345466189558446
255,2005,0.8465655084770194,59.836470522262445,5.314452389409031,54.52201813285341,0.07657413565933968,1.2774566908825578
256,2006,0.8592285969981165,61.27619407393435,5.398230899593861,55.877963174340486,0.07330836918024594,1.248933765575345
257,2007,0.8721862072404294,62.71151475115738,5.486478524204423,57.22503622695296,0.07721896020779807,1.240761954672776
258,2008,0.8862389193524017,64.14725446500292,5.5774268245433625,58.56982764045956,0.07958212151127761,1.238660382682031
259,2009,0.9010032047934279,65.59441690407536,5.673113767040791,59.92130313703457,0.0837285562951052,1.2448169574550645
